Date,Open,High,Low,Close
02/16/2024,5049.50,5059.25,5012.75,5019.75
02/15/2024,5017.50,5051.75,5011.00,5046.50
02/14/2024,4974.25,5022.50,4968.75,5018.00
02/13/2024,5034.00,5040.00,4936.50,4971.25
02/12/2024,5042.50,5066.50,5031.50,5041.25
02/09/2024,5014.50,5048.50,5013.00,5044.00
02/08/2024,5015.75,5020.00,5003.75,5017.75
02/07/2024,4971.50,5020.00,4970.00,5015.25
02/06/2024,4959.50,4978.25,4954.50,4974.75
02/05/2024,4976.00,4980.75,4937.75,4962.00
02/02/2024,4952.75,4997.75,4925.75,4980.25
02/01/2024,4874.50,4963.75,4872.50,4928.50
01/31/2024,4930.25,4938.00,4866.00,4870.50
01/30/2024,4950.25,4957.25,4933.00,4951.00
01/29/2024,4908.75,4956.00,4901.75,4954.50
01/26/2024,4919.25,4934.25,4898.50,4916.25
01/25/2024,4899.50,4926.50,4893.25,4923.25
01/24/2024,4900.25,4933.25,4889.00,4898.00
01/23/2024,4881.75,4902.00,4874.25,4895.00
01/22/2024,4872.50,4898.25,4872.50,4881.00
01/19/2024,4811.25,4874.25,4808.50,4869.50
01/18/2024,4768.00,4817.00,4763.50,4811.25
01/17/2024,4799.75,4800.75,4746.25,4771.25
01/16/2024,4811.50,4815.75,4779.50,4798.50
01/12/2024,4811.25,4836.50,4791.50,4816.50
01/11/2024,4820.50,4838.00,4772.75,4815.50
01/10/2024,4790.75,4828.50,4786.00,4820.25
01/09/2024,4797.75,4804.00,4767.50,4792.75
01/08/2024,4735.75,4803.25,4715.25,4801.25
01/05/2024,4732.75,4760.25,4702.00,4734.75
01/04/2024,4750.00,4766.50,4727.00,4729.50
01/03/2024,4790.75,4790.75,4741.00,4746.50
01/02/2024,4818.00,4828.00,4765.50,4787.25
12/29/2023,4834.75,4841.00,4796.75,4820.00
12/28/2023,4834.50,4841.50,4828.00,4832.25
12/27/2023,4827.75,4836.50,4816.50,4833.50
12/26/2023,4800.25,4834.50,4800.25,4825.00
12/22/2023,4795.75,4821.75,4784.75,4805.25
12/21/2023,4751.00,4798.25,4751.00,4796.75
12/20/2023,4818.50,4830.75,4743.25,4749.75
12/19/2023,4790.50,4821.50,4787.75,4820.25
12/18/2023,4770.50,4802.25,4769.50,4793.00
12/15/2023,4767.75,4789.00,4757.25,4768.00
12/14/2023,4760.75,4791.75,4746.25,4774.00
12/13/2023,4700.50,4764.25,4696.75,4760.75
12/12/2023,4677.75,4701.75,4662.25,4697.25
12/11/2023,4660.75,4679.50,4652.00,4678.50
12/08/2023,4586.50,4613.75,4561.75,4607.50
12/07/2023,4556.00,4596.00,4548.75,4589.50
12/06/2023,4573.25,4598.50,4552.00,4556.00
12/05/2023,4573.00,4585.50,4555.50,4575.00
12/04/2023,4603.25,4604.50,4553.50,4576.50
12/01/2023,4571.75,4607.75,4562.50,4600.75
11/30/2023,4562.25,4579.50,4544.75,4576.75
11/29/2023,4564.00,4597.00,4555.50,4559.25
11/28/2023,4561.50,4577.25,4547.00,4563.00
11/27/2023,4568.50,4570.00,4552.00,4561.00
11/24/2023,4572.00,4574.00,4562.75,4568.25
11/22/2023,4547.75,4580.50,4543.00,4567.25
11/21/2023,4561.75,4567.00,4536.75,4551.25
11/20/2023,4526.75,4571.00,4520.00,4562.25
11/17/2023,4527.75,4539.50,4512.75,4527.50
11/16/2023,4514.25,4529.50,4501.75,4523.25
11/15/2023,4515.50,4541.25,4510.75,4519.25
11/14/2023,4427.25,4524.25,4420.25,4511.00
11/13/2023,4425.75,4436.75,4407.25,4425.25
11/10/2023,4364.50,4435.50,4354.25,4430.50
11/09/2023,4393.25,4413.00,4357.75,4362.25
11/08/2023,4397.50,4407.75,4375.00,4399.50
11/07/2023,4380.00,4403.25,4366.00,4396.00
11/06/2023,4379.25,4389.50,4364.25,4384.25
11/03/2023,4327.50,4391.75,4325.50,4376.00
11/02/2023,4258.50,4339.75,4257.75,4335.75
11/01/2023,4205.00,4264.75,4191.25,4256.00
10/31/2023,4184.25,4215.00,4166.75,4212.25
10/30/2023,4148.00,4197.50,4143.50,4185.75
10/27/2023,4167.00,4185.00,4122.25,4137.75
10/26/2023,4202.00,4205.00,4146.25,4156.50
10/25/2023,4269.50,4273.50,4203.75,4209.75
10/24/2023,4250.25,4290.50,4242.00,4271.25
10/23/2023,4256.25,4280.75,4213.25,4241.75
10/20/2023,4295.00,4304.25,4243.50,4248.50
10/19/2023,4346.50,4366.50,4292.75,4303.00
10/18/2023,4398.00,4399.25,4330.75,4342.25
10/17/2023,4406.25,4423.25,4365.75,4401.75
10/16/2023,4356.75,4414.25,4354.50,4401.00
10/13/2023,4380.75,4407.75,4340.75,4357.25
10/12/2023,4417.75,4430.50,4355.50,4380.50
10/11/2023,4392.00,4419.75,4377.25,4409.75
10/10/2023,4368.75,4419.00,4366.25,4391.50
10/09/2023,4315.00,4375.75,4299.50,4368.75
10/06/2023,4287.50,4358.50,4242.25,4341.50
10/05/2023,4291.50,4302.00,4258.00,4290.75
10/04/2023,4262.75,4304.00,4235.50,4297.75
10/03/2023,4326.00,4335.75,4251.25,4264.75
10/02/2023,4349.00,4355.50,4295.50,4324.25
09/29/2023,4342.00,4371.25,4311.00,4325.50
09/28/2023,4323.25,4355.75,4301.00,4337.50
09/27/2023,4320.25,4336.50,4277.00,4313.50
09/26/2023,4382.00,4382.00,4305.50,4314.75
09/25/2023,4365.00,4383.50,4338.25,4378.75
09/22/2023,4370.25,4399.00,4357.25,4361.00
09/21/2023,4445.00,4447.00,4366.50,4372.00
09/20/2023,4491.25,4508.00,4443.25,4447.00
09/19/2023,4503.25,4509.50,4462.25,4490.00
09/18/2023,4499.50,4514.50,4487.00,4501.50
09/15/2023,4556.50,4566.00,4494.00,4498.00
09/14/2023,4521.25,4562.00,4519.00,4555.00
09/13/2023,4513.00,4530.25,4495.00,4517.50
09/12/2023,4536.50,4539.00,4507.25,4513.75
09/11/2023,4514.00,4543.50,4508.75,4539.50
09/08/2023,4458.25,4477.50,4443.00,4461.75
09/07/2023,4469.50,4471.75,4434.25,4456.25
09/06/2023,4500.00,4503.75,4447.00,4471.50
09/05/2023,4520.00,4521.50,4499.25,4502.50
09/01/2023,4516.75,4547.75,4507.25,4521.50
08/31/2023,4527.00,4541.25,4512.75,4516.00
08/30/2023,4508.75,4530.75,4496.25,4524.25
08/29/2023,4444.00,4509.50,4433.50,4506.75
08/28/2023,4418.00,4449.50,4414.50,4442.25
08/25/2023,4384.50,4429.00,4365.25,4414.25
08/24/2023,4470.50,4485.50,4378.50,4386.00
08/23/2023,4400.00,4476.25,4399.50,4447.00
08/22/2023,4410.25,4440.00,4394.25,4399.25
08/21/2023,4382.50,4421.00,4372.25,4412.50
08/18/2023,4379.25,4396.00,4350.00,4382.75
08/17/2023,4420.50,4436.75,4377.75,4384.50
08/16/2023,4453.25,4467.25,4417.00,4420.00
08/15/2023,4505.75,4517.75,4447.00,4454.00
08/14/2023,4485.00,4507.75,4465.00,4506.00
08/11/2023,4487.75,4496.25,4459.00,4480.75
08/10/2023,4493.25,4544.75,4473.50,4485.75
08/09/2023,4516.50,4536.25,4478.25,4485.75
08/08/2023,4539.50,4541.00,4482.00,4518.50
08/07/2023,4500.50,4541.75,4500.50,4537.75
08/04/2023,4523.50,4560.75,4493.75,4498.00
08/03/2023,4534.25,4547.50,4505.75,4521.75
08/02/2023,4580.00,4593.50,4527.75,4537.25
08/01/2023,4617.75,4621.75,4591.00,4601.25
07/31/2023,4608.75,4619.25,4595.25,4614.50
07/28/2023,4566.00,4616.50,4558.00,4606.50
07/27/2023,4594.75,4634.50,4553.75,4564.25
07/26/2023,4604.75,4610.75,4573.75,4595.25
07/25/2023,4584.50,4608.75,4579.25,4596.00
07/24/2023,4564.25,4592.50,4560.00,4583.50
07/21/2023,4566.25,4590.00,4561.75,4564.75
07/20/2023,4593.25,4594.25,4557.25,4565.50
07/19/2023,4582.75,4609.25,4582.25,4597.00
07/18/2023,4550.25,4594.50,4544.75,4587.75
07/17/2023,4536.00,4565.75,4528.00,4553.75
07/14/2023,4539.50,4560.50,4531.00,4536.75
07/13/2023,4510.50,4551.50,4509.25,4543.50
07/12/2023,4471.00,4523.75,4470.00,4507.50
07/11/2023,4445.75,4478.50,4439.00,4473.50
07/10/2023,4437.50,4448.25,4411.25,4444.25
07/07/2023,4441.25,4476.00,4431.50,4434.00
07/06/2023,4481.75,4483.50,4419.50,4447.00
07/05/2023,4490.00,4492.75,4466.25,4483.75
07/03/2023,4485.50,4494.00,4479.50,4492.25
06/30/2023,4435.25,4498.00,4433.00,4488.25
06/29/2023,4423.75,4438.00,4409.75,4435.75
06/28/2023,4414.00,4430.25,4399.25,4417.50
06/27/2023,4375.75,4424.75,4371.50,4418.75
06/26/2023,4390.00,4403.00,4368.50,4370.25
06/23/2023,4425.75,4426.25,4381.50,4389.00
06/22/2023,4410.00,4427.00,4393.00,4423.75
06/21/2023,4430.25,4438.50,4403.50,4409.25
06/20/2023,4449.00,4451.00,4410.50,4434.75
06/16/2023,4469.00,4493.75,4451.00,4453.75
06/15/2023,4422.75,4485.50,4393.75,4471.25
06/14/2023,4417.25,4439.50,4383.50,4418.50
06/13/2023,4389.75,4423.25,4381.75,4416.75
06/12/2023,4349.75,4391.25,4348.75,4388.00
06/09/2023,4297.75,4325.50,4284.00,4304.75
06/08/2023,4273.25,4302.50,4262.75,4298.25
06/07/2023,4292.25,4304.75,4269.25,4274.25
06/06/2023,4279.75,4294.75,4268.50,4289.75
06/05/2023,4288.00,4305.75,4273.00,4281.00
06/02/2023,4231.75,4297.75,4229.00,4288.00
06/01/2023,4188.50,4239.75,4178.00,4228.00
05/31/2023,4213.00,4217.75,4174.00,4190.50
05/30/2023,4224.00,4243.00,4200.00,4215.00
05/26/2023,4157.00,4221.25,4146.00,4213.25
05/25/2023,4157.00,4175.50,4131.50,4159.75
05/24/2023,4158.00,4166.25,4114.00,4126.00
05/23/2023,4207.50,4222.75,4153.00,4158.75
05/22/2023,4189.00,4221.75,4186.50,4205.00
05/19/2023,4215.50,4227.25,4191.50,4204.75
05/18/2023,4171.25,4215.75,4161.25,4212.00
05/17/2023,4126.00,4179.00,4122.00,4171.50
05/16/2023,4148.25,4151.50,4120.00,4123.00
05/15/2023,4132.25,4156.25,4123.00,4150.00
05/12/2023,4144.50,4164.50,4111.75,4138.00
05/11/2023,4152.75,4168.50,4121.50,4143.75
05/10/2023,4133.00,4173.25,4112.25,4152.00
05/09/2023,4150.50,4153.00,4131.00,4134.00
05/08/2023,4151.00,4161.00,4137.50,4152.75
05/05/2023,4077.25,4163.25,4076.75,4150.25
05/04/2023,4087.00,4118.00,4062.25,4075.75
05/03/2023,4133.25,4167.00,4095.00,4107.50
05/02/2023,4179.50,4191.50,4105.50,4136.75
05/01/2023,4190.00,4206.25,4178.50,4185.75
04/28/2023,4151.00,4193.75,4131.50,4188.50
04/27/2023,4085.50,4166.50,4080.75,4153.75
04/26/2023,4110.25,4116.25,4068.75,4076.00
04/25/2023,4157.25,4158.50,4091.50,4093.25
04/24/2023,4150.00,4164.25,4133.50,4159.50
04/21/2023,4153.75,4161.00,4135.25,4156.75
04/20/2023,4172.25,4173.50,4137.00,4152.50
04/19/2023,4176.00,4187.50,4150.50,4178.50
04/18/2023,4177.00,4198.25,4164.50,4180.00
04/17/2023,4174.25,4180.50,4148.00,4176.75
04/14/2023,4168.75,4189.00,4138.00,4163.75
04/13/2023,4117.50,4177.00,4110.25,4172.75
04/12/2023,4137.50,4177.75,4113.50,4119.00
04/11/2023,4138.50,4151.75,4128.75,4136.50
04/10/2023,4139.00,4143.00,4098.75,4136.25
04/06/2023,4113.75,4135.25,4096.50,4132.00
04/05/2023,4134.00,4135.50,4099.00,4117.25
04/04/2023,4152.50,4171.75,4115.25,4129.00
04/03/2023,4127.00,4157.75,4122.75,4153.75
03/31/2023,4081.00,4142.50,4078.00,4137.75
03/30/2023,4058.00,4087.75,4052.50,4080.00
03/29/2023,4006.50,4061.25,4006.00,4057.50
03/28/2023,4013.50,4023.75,3980.75,4001.50
03/27/2023,4008.00,4034.25,3997.50,4007.25
03/24/2023,3988.75,4010.75,3937.00,4001.25
03/23/2023,3972.75,4039.50,3948.50,3978.00
03/22/2023,4038.75,4073.75,3966.25,3970.50
03/21/2023,3986.50,4043.25,3981.75,4035.75
03/20/2023,3963.75,3989.50,3897.25,3983.00
03/17/2023,3995.00,4009.25,3932.50,3947.00
03/16/2023,3924.75,4000.00,3895.00,3994.50
03/15/2023,3953.75,3964.00,3865.00,3925.00
03/14/2023,3897.25,3972.50,3885.00,3954.25
03/13/2023,3920.50,3971.50,3839.25,3888.75
03/10/2023,3919.00,3941.75,3846.25,3862.75
03/09/2023,3997.00,4019.75,3909.50,3920.00
03/08/2023,3990.00,4003.25,3971.50,3995.00
03/07/2023,4053.75,4064.50,3982.50,3989.75
03/06/2023,4049.25,4082.50,4041.75,4052.50
03/03/2023,3983.00,4053.00,3974.00,4049.75
03/02/2023,3959.75,3995.25,3925.00,3984.75
03/01/2023,3968.50,3991.00,3943.00,3956.50
02/28/2023,3991.50,4003.75,3965.00,3975.50
02/27/2023,3976.50,4024.75,3973.00,3988.00
02/24/2023,4015.25,4023.25,3947.50,3975.75
02/23/2023,4010.00,4034.25,3974.25,4018.75
02/22/2023,4007.50,4025.00,3983.75,3999.00
02/21/2023,4076.00,4077.75,4002.00,4005.75
02/17/2023,4095.50,4096.00,4055.75,4087.50
02/16/2023,4159.00,4168.50,4095.00,4099.75
02/15/2023,4141.25,4161.75,4113.00,4158.25
02/14/2023,4149.75,4186.50,4103.75,4145.50
02/13/2023,4105.00,4150.75,4078.75,4147.25
02/10/2023,4098.00,4104.25,4060.75,4099.75
02/09/2023,4132.25,4170.25,4078.25,4091.75
02/08/2023,4167.25,4179.25,4121.25,4130.50
02/07/2023,4123.50,4188.25,4098.25,4175.75
02/06/2023,4134.25,4143.00,4104.00,4123.50
02/03/2023,4176.00,4194.00,4132.50,4147.75
02/02/2023,4145.50,4208.50,4136.75,4191.50
02/01/2023,4085.75,4163.25,4048.50,4132.25
01/31/2023,4039.25,4091.25,4007.50,4090.00
01/30/2023,4077.00,4086.00,4029.50,4032.50
01/27/2023,4065.00,4109.25,4057.25,4084.25
01/26/2023,4031.00,4077.00,4027.25,4075.50
01/25/2023,4039.00,4040.50,3963.25,4032.00
01/24/2023,4036.50,4047.50,4005.25,4032.75
01/23/2023,3987.00,4056.75,3980.25,4036.50
01/20/2023,3925.00,3990.50,3911.75,3988.50
01/19/2023,3945.25,3948.75,3901.75,3915.50
01/18/2023,4008.50,4033.50,3943.75,3945.75
01/17/2023,4010.00,4035.25,4000.50,4009.50
01/13/2023,4003.00,4024.25,3961.75,4018.25
01/12/2023,3991.75,4021.50,3954.00,4003.50
01/11/2023,3941.00,3992.50,3934.50,3990.00
01/10/2023,3914.50,3943.75,3891.50,3940.75
01/09/2023,3918.50,3973.25,3909.75,3913.75
01/06/2023,3833.00,3928.75,3819.00,3915.50
01/05/2023,3871.00,3885.50,3822.50,3829.00
01/04/2023,3842.75,3896.25,3836.50,3874.50
01/03/2023,3895.00,3906.75,3814.50,3846.00
12/30/2022,3869.75,3871.00,3821.50,3861.00
12/29/2022,3811.00,3882.75,3806.25,3871.75
12/28/2022,3858.00,3875.00,3804.50,3807.50
12/27/2022,3878.00,3900.50,3837.25,3855.00
12/23/2022,3850.00,3872.50,3821.25,3869.75
12/22/2022,3915.00,3919.75,3788.50,3849.25
12/21/2022,3857.25,3918.75,3855.50,3905.75
12/20/2022,3842.75,3866.50,3803.50,3849.25
12/19/2022,3874.00,3899.00,3827.25,3845.50
12/16/2022,3920.00,3934.50,3855.25,3879.00
12/15/2022,4037.00,4043.00,3908.00,3927.25
12/14/2022,4054.50,4090.75,3997.00,4030.75
12/13/2022,4022.25,4180.00,4017.50,4055.25
12/12/2022,3965.75,4026.00,3956.00,4025.00
12/09/2022,3964.75,3990.00,3930.00,3936.25
12/08/2022,3935.75,3977.25,3916.00,3965.75
12/07/2022,3944.50,3961.50,3914.00,3936.75
12/06/2022,4005.75,4014.75,3921.50,3945.00
12/05/2022,4074.00,4075.75,3987.25,4003.25
12/02/2022,4077.50,4085.50,4006.75,4075.50
12/01/2022,4094.50,4110.00,4054.50,4081.75
11/30/2022,3962.25,4093.50,3942.75,4081.25
11/29/2022,3972.00,3990.25,3941.25,3962.00
11/28/2022,4020.25,4024.00,3960.25,3970.25
11/25/2022,4043.75,4046.00,4024.75,4032.50
11/23/2022,4010.00,4039.50,4002.00,4033.00
11/22/2022,3957.75,4012.50,3945.25,4010.25
11/21/2022,3972.50,3982.00,3937.50,3958.00
11/18/2022,3960.50,3994.00,3942.50,3974.00
11/17/2022,3977.25,3990.25,3912.50,3955.25
11/16/2022,3992.00,4015.75,3962.00,3968.50
11/15/2022,3974.75,4050.75,3960.00,3999.50
11/14/2022,3984.00,4017.50,3964.00,3966.00
11/11/2022,3973.00,4009.75,3951.00,4000.25
11/10/2022,3757.00,3973.50,3751.50,3961.00
11/09/2022,3832.50,3848.75,3750.00,3755.50
11/08/2022,3812.75,3867.00,3792.75,3835.25
11/07/2022,3750.00,3821.75,3738.25,3815.25
11/04/2022,3724.00,3805.50,3711.00,3779.50
11/03/2022,3766.75,3782.50,3704.25,3727.75
11/02/2022,3863.00,3907.00,3760.25,3768.75
11/01/2022,3884.00,3928.00,3852.50,3866.00
10/31/2022,3911.50,3914.75,3872.25,3883.00
10/28/2022,3798.25,3924.25,3776.75,3911.25
10/27/2022,3844.25,3870.75,3757.50,3819.50
10/26/2022,3841.00,3897.50,3824.25,3841.00
10/25/2022,3803.25,3874.25,3790.00,3870.25
10/24/2022,3771.00,3822.00,3736.50,3809.25
10/21/2022,3677.75,3773.25,3641.50,3764.00
10/20/2022,3708.00,3748.00,3666.25,3675.25
10/19/2022,3759.75,3774.25,3676.75,3707.25
10/18/2022,3706.25,3777.25,3697.25,3732.75
10/17/2022,3591.00,3702.50,3590.50,3689.25
10/14/2022,3680.25,3733.75,3591.25,3597.50
10/13/2022,3596.25,3697.75,3502.00,3681.75
10/12/2022,3607.00,3635.25,3585.50,3588.50
10/11/2022,3624.75,3653.25,3579.00,3599.25
10/10/2022,3638.75,3667.50,3600.00,3625.25
10/07/2022,3745.75,3773.00,3632.50,3653.25
10/06/2022,3795.75,3819.50,3750.00,3756.75
10/05/2022,3801.00,3820.00,3734.00,3794.00
10/04/2022,3696.50,3808.75,3686.25,3803.25
10/03/2022,3593.25,3711.75,3571.75,3690.25
09/30/2022,3656.50,3693.75,3595.25,3601.50
09/29/2022,3730.25,3736.00,3622.00,3654.25
09/28/2022,3668.50,3751.25,3613.00,3732.00
09/27/2022,3668.00,3733.00,3635.25,3661.00
09/26/2022,3705.25,3730.50,3657.50,3670.00
09/23/2022,3777.25,3783.25,3660.25,3709.00
09/22/2022,3794.00,3833.00,3763.50,3772.00
09/21/2022,3878.75,3925.25,3792.00,3806.25
09/20/2022,3923.00,3936.25,3843.25,3872.75
09/19/2022,3889.50,3927.00,3846.25,3917.25
09/16/2022,3904.00,3905.00,3853.00,3890.00
09/15/2022,3972.00,3977.50,3905.00,3919.25
09/14/2022,3956.75,3981.25,3929.00,3965.50
09/13/2022,4137.50,4175.00,3938.50,3950.25
09/12/2022,4096.00,4137.75,4080.25,4130.00
09/09/2022,4010.25,4077.25,4005.75,4067.25
09/08/2022,3980.00,4011.50,3942.75,4005.50
09/07/2022,3907.50,3988.75,3883.50,3980.00
09/06/2022,3936.25,3963.25,3886.75,3910.50
09/02/2022,3967.50,4019.25,3906.00,3924.50
09/01/2022,3958.00,3971.25,3903.50,3968.75
08/31/2022,3987.25,4018.25,3953.00,3956.50
08/30/2022,4035.75,4072.75,3964.50,3987.50
08/29/2022,4024.00,4064.00,4006.75,4031.25
08/26/2022,4198.25,4217.25,4042.75,4059.50
08/25/2022,4148.75,4202.75,4143.00,4201.00
08/24/2022,4128.25,4158.50,4110.75,4142.75
08/23/2022,4147.00,4161.75,4118.00,4130.50
08/22/2022,4221.00,4221.50,4131.50,4141.25
08/19/2022,4287.00,4288.00,4220.75,4231.50
08/18/2022,4279.50,4295.50,4258.00,4286.50
08/17/2022,4309.25,4315.00,4255.00,4276.75
08/16/2022,4294.50,4327.50,4278.75,4307.75
08/15/2022,4277.00,4304.75,4249.00,4298.25
08/12/2022,4219.25,4282.75,4208.25,4281.00
08/11/2022,4210.75,4260.50,4202.75,4209.75
08/10/2022,4128.75,4213.50,4113.75,4210.00
08/09/2022,4148.50,4155.00,4113.00,4124.50
08/08/2022,4149.75,4188.00,4129.25,4141.75
08/05/2022,4152.00,4166.25,4103.75,4146.75
08/04/2022,4150.25,4173.25,4136.00,4152.25
08/03/2022,4097.00,4170.00,4084.50,4156.25
08/02/2022,4119.75,4143.00,4080.50,4093.75
08/01/2022,4137.50,4147.25,4097.00,4120.50
07/29/2022,4105.00,4144.00,4081.00,4133.50
07/28/2022,4022.00,4111.00,3994.50,4073.50
07/27/2022,3939.25,4042.75,3938.75,4024.50
07/26/2022,3959.00,3964.50,3913.25,3923.25
07/25/2022,3967.75,3988.75,3946.00,3970.00
07/22/2022,3988.00,4016.25,3941.50,3965.00
07/21/2022,3954.00,4004.75,3930.25,4001.25
07/20/2022,3947.00,3977.25,3922.25,3962.50
07/19/2022,3838.50,3948.00,3834.00,3937.50
07/18/2022,3878.50,3909.50,3820.25,3833.75
07/15/2022,3797.75,3868.25,3780.25,3865.00
07/14/2022,3795.75,3806.25,3723.75,3793.25
07/13/2022,3825.00,3873.00,3752.00,3804.50
07/12/2022,3862.00,3876.50,3804.75,3823.75
07/11/2022,3900.00,3900.75,3850.00,3856.75
07/08/2022,3897.00,3922.00,3868.00,3901.25
07/07/2022,3853.75,3914.25,3832.50,3905.00
07/06/2022,3838.00,3875.00,3808.75,3848.25
07/05/2022,3813.50,3857.75,3744.00,3834.00
07/01/2022,3782.00,3833.50,3744.50,3827.25
06/30/2022,3822.75,3825.00,3741.25,3789.50
06/29/2022,3828.25,3840.00,3801.25,3821.25
06/28/2022,3911.25,3950.00,3821.75,3825.50
06/27/2022,3915.00,3948.00,3892.50,3903.75
06/24/2022,3785.25,3919.75,3781.25,3916.25
06/23/2022,3761.25,3805.75,3735.00,3799.75
06/22/2022,3766.25,3805.50,3693.25,3762.75
06/21/2022,3716.00,3783.75,3710.50,3767.75
06/17/2022,3680.50,3713.50,3639.00,3675.75
06/16/2022,3799.00,3833.25,3642.00,3671.25
06/15/2022,3743.50,3843.00,3723.50,3793.50
06/14/2022,3760.75,3807.50,3708.50,3740.25
06/13/2022,3877.25,3878.50,3735.25,3753.50
06/10/2022,4026.00,4030.50,3896.50,3900.50
06/09/2022,4117.75,4145.75,4016.00,4017.50
06/08/2022,4150.75,4160.00,4105.25,4114.00
06/07/2022,4122.00,4164.00,4076.00,4158.75
06/06/2022,4110.50,4168.25,4104.50,4120.50
06/03/2022,4177.75,4189.00,4096.75,4107.00
06/02/2022,4097.75,4179.00,4072.25,4175.25
06/01/2022,4138.50,4165.00,4071.50,4099.00
05/31/2022,4175.75,4180.00,4102.75,4131.25
05/27/2022,4047.50,4168.25,4041.25,4155.75
05/26/2022,3972.25,4073.50,3960.50,4055.75
05/25/2022,3950.00,3997.75,3913.50,3976.75
05/24/2022,3951.75,3954.50,3872.00,3940.50
05/23/2022,3910.50,3982.25,3906.50,3971.75
05/20/2022,3900.50,3949.50,3807.50,3899.50
05/19/2022,3916.50,3943.50,3856.00,3897.75
05/18/2022,4091.25,4095.00,3905.50,3922.75
05/17/2022,4002.00,4091.50,4000.50,4084.75
05/16/2022,4025.00,4043.50,3979.50,4004.75
05/13/2022,3916.25,4036.00,3915.50,4019.75
05/12/2022,3939.75,3961.75,3855.00,3927.25
05/11/2022,3990.50,4050.50,3923.75,3930.25
05/10/2022,3993.25,4065.50,3953.00,3996.75
05/09/2022,4087.25,4099.00,3970.00,3987.50
05/06/2022,4146.50,4153.25,4062.00,4119.50
05/05/2022,4289.75,4300.75,4099.25,4143.25
05/04/2022,4171.25,4303.00,4142.75,4295.25
05/03/2022,4145.50,4195.75,4129.00,4169.25
05/02/2022,4144.00,4165.75,4056.00,4151.00
04/29/2022,4244.00,4279.75,4118.75,4127.50
04/28/2022,4213.00,4303.50,4182.50,4283.50
04/27/2022,4149.50,4236.25,4149.00,4180.25
04/26/2022,4294.00,4303.50,4136.75,4170.50
04/25/2022,4259.00,4296.50,4195.25,4292.75
04/22/2022,4385.75,4393.25,4247.50,4267.25
04/21/2022,4468.00,4509.00,4380.00,4390.50
04/20/2022,4441.00,4484.25,4432.75,4455.50
04/19/2022,4399.00,4467.00,4371.75,4459.25
04/18/2022,4390.00,4406.25,4355.50,4386.75
04/14/2022,4438.50,4455.75,4385.00,4387.50
04/13/2022,4396.75,4449.50,4384.00,4442.25
04/12/2022,4411.00,4466.75,4375.50,4393.00
04/11/2022,4488.75,4491.25,4403.50,4409.00
04/08/2022,4494.75,4519.75,4468.75,4483.50
04/07/2022,4471.25,4517.25,4444.50,4496.25
04/06/2022,4526.25,4528.75,4444.50,4475.75
04/05/2022,4576.25,4588.75,4507.75,4520.25
04/04/2022,4538.25,4580.00,4527.75,4577.75
04/01/2022,4541.00,4555.50,4501.25,4539.25
03/31/2022,4599.00,4614.25,4526.25,4530.75
03/30/2022,4621.25,4627.50,4574.75,4596.00
03/29/2022,4570.25,4631.00,4565.25,4625.50
03/28/2022,4535.25,4572.25,4509.75,4568.00
03/25/2022,4516.25,4539.00,4493.25,4536.50
03/24/2022,4449.25,4517.50,4445.75,4512.50
03/23/2022,4504.00,4514.00,4444.75,4447.50
03/22/2022,4456.75,4514.75,4433.00,4505.00
03/21/2022,4460.00,4473.00,4415.00,4452.25
03/18/2022,4384.25,4465.75,4364.50,4453.50
03/17/2022,4361.00,4406.75,4320.25,4402.00
03/16/2022,4249.75,4367.50,4239.00,4349.50
03/15/2022,4171.25,4263.25,4129.50,4253.75
03/14/2022,4206.75,4244.75,4152.25,4163.50
03/11/2022,4248.75,4326.75,4189.00,4192.50
03/10/2022,4270.50,4273.25,4198.00,4248.00
03/09/2022,4153.00,4298.25,4152.00,4275.25
03/08/2022,4186.50,4275.00,4138.75,4168.75
03/07/2022,4308.75,4325.25,4185.25,4198.50
03/04/2022,4366.50,4374.50,4281.25,4327.25
03/03/2022,4373.75,4418.75,4341.00,4359.25
03/02/2022,4308.75,4399.25,4278.25,4381.75
03/01/2022,4367.50,4399.00,4275.00,4303.75
02/28/2022,4299.50,4385.50,4251.50,4368.00
02/25/2022,4266.75,4384.25,4227.50,4380.00
02/24/2022,4215.50,4290.00,4101.75,4284.00
02/23/2022,4310.75,4345.50,4212.50,4222.00
02/22/2022,4266.25,4358.75,4250.00,4300.00
02/18/2022,4374.75,4411.50,4321.00,4343.50
02/17/2022,4464.25,4474.75,4367.25,4374.50
02/16/2022,4458.75,4484.50,4422.75,4470.00
02/15/2022,4393.50,4468.00,4381.75,4464.50
02/14/2022,4411.75,4428.00,4354.00,4394.00
02/11/2022,4494.50,4520.50,4393.25,4409.50
02/10/2022,4582.25,4583.75,4476.00,4497.50
02/09/2022,4519.00,4585.00,4517.25,4577.75
02/08/2022,4484.00,4523.75,4456.25,4512.50
02/07/2022,4497.00,4514.50,4462.75,4475.75
02/04/2022,4518.00,4532.50,4438.50,4492.50
02/03/2022,4545.75,4548.25,4462.00,4469.00
02/02/2022,4552.00,4586.00,4535.25,4577.25
02/01/2022,4493.25,4554.75,4474.00,4535.00
01/31/2022,4423.50,4507.75,4395.50,4504.25
01/28/2022,4348.00,4426.00,4266.25,4423.25
01/27/2022,4345.25,4422.00,4263.25,4317.75
01/26/2022,4308.75,4446.25,4294.25,4341.50
01/25/2022,4402.75,4406.75,4276.50,4349.00
01/24/2022,4389.00,4427.50,4212.75,4403.75
01/21/2022,4454.25,4487.00,4381.25,4390.00
01/20/2022,4526.00,4594.25,4437.75,4474.75
01/19/2022,4577.75,4603.00,4517.25,4524.25
01/18/2022,4656.00,4661.75,4560.00,4571.25
01/14/2022,4655.00,4667.00,4606.00,4654.75
01/13/2022,4719.25,4736.25,4642.50,4652.00
01/12/2022,4704.00,4739.50,4695.00,4716.25
01/11/2022,4663.50,4707.50,4627.25,4705.00
01/10/2022,4671.25,4681.75,4572.75,4662.25
01/07/2022,4695.00,4705.75,4653.75,4667.75
01/06/2022,4692.00,4715.75,4662.00,4687.50
01/05/2022,4783.50,4788.25,4689.50,4692.50
01/04/2022,4785.25,4808.25,4764.50,4784.25
01/03/2022,4771.00,4791.25,4747.50,4786.00
12/31/2021,4773.75,4778.50,4750.50,4758.50
12/30/2021,4784.75,4799.75,4767.25,4772.25
12/29/2021,4781.00,4796.00,4770.00,4784.50
12/28/2021,4780.50,4798.00,4770.50,4778.50
12/27/2021,4717.00,4784.25,4713.25,4782.25
12/23/2021,4689.00,4731.25,4684.25,4715.75
12/22/2021,4641.75,4690.50,4622.25,4686.00
12/21/2021,4567.75,4643.00,4565.75,4640.75
12/20/2021,4612.00,4621.50,4520.25,4558.50
12/17/2021,4664.00,4668.00,4590.00,4610.00
12/16/2021,4702.75,4743.25,4642.00,4659.25
12/15/2021,4629.00,4705.75,4602.00,4700.50
12/14/2021,4663.00,4676.75,4596.25,4628.00
12/13/2021,4704.50,4723.25,4655.50,4659.50
12/10/2021,4662.25,4705.25,4657.00,4703.50
12/09/2021,4691.75,4699.25,4655.25,4659.75
12/08/2021,4695.25,4712.00,4671.75,4699.00
12/07/2021,4594.25,4697.25,4587.25,4685.00
12/06/2021,4542.25,4611.75,4531.50,4590.00
12/03/2021,4587.25,4606.50,4492.00,4537.50
12/02/2021,4514.75,4593.75,4505.50,4575.75
12/01/2021,4587.50,4650.75,4497.75,4508.50
11/30/2021,4657.25,4667.50,4557.00,4566.25
11/29/2021,4589.00,4669.75,4588.75,4651.00
11/26/2021,4707.75,4708.50,4577.25,4595.75
11/24/2021,4686.25,4702.25,4656.25,4699.00
11/23/2021,4686.00,4695.50,4649.00,4688.50
11/22/2021,4701.00,4740.50,4674.25,4679.75
11/19/2021,4705.25,4723.50,4684.25,4694.50
11/18/2021,4685.25,4706.50,4668.00,4701.50
11/17/2021,4696.50,4701.00,4679.25,4686.25
11/16/2021,4680.75,4709.75,4670.75,4696.00
11/15/2021,4684.75,4697.50,4667.00,4679.00
11/12/2021,4647.00,4685.50,4643.75,4678.25
11/11/2021,4645.00,4661.50,4638.00,4643.00
11/10/2021,4674.75,4680.25,4625.25,4642.00
11/09/2021,4690.75,4700.50,4663.25,4678.25
11/08/2021,4678.50,4707.00,4676.25,4694.00
11/05/2021,4671.75,4711.75,4667.50,4690.25
11/04/2021,4651.50,4676.25,4650.75,4673.25
11/03/2021,4621.25,4657.00,4613.00,4652.25
11/02/2021,4605.75,4627.00,4593.25,4623.50
11/01/2021,4608.00,4619.50,4586.50,4605.75
10/29/2021,4577.00,4603.50,4559.25,4597.00
10/28/2021,4548.75,4589.75,4545.25,4587.50
10/27/2021,4563.75,4576.75,4543.75,4544.50
10/26/2021,4564.75,4590.00,4560.75,4565.25
10/25/2021,4528.75,4566.25,4522.50,4558.00
10/22/2021,4530.00,4551.50,4515.25,4536.50
10/21/2021,4525.00,4543.25,4510.25,4541.75
10/20/2021,4516.00,4532.25,4504.00,4528.00
10/19/2021,4475.75,4517.50,4471.75,4511.25
10/18/2021,4465.50,4479.75,4436.25,4477.50
10/15/2021,4433.00,4467.50,4426.25,4462.50
10/14/2021,4354.75,4437.25,4354.00,4429.00
10/13/2021,4327.50,4364.75,4318.75,4355.00
10/12/2021,4347.75,4365.00,4317.25,4340.75
10/11/2021,4381.00,4407.50,4344.00,4351.00
10/08/2021,4390.50,4407.75,4376.25,4382.25
10/07/2021,4355.25,4421.50,4355.00,4390.00
10/06/2021,4334.00,4357.50,4273.75,4354.00
10/05/2021,4295.75,4359.75,4269.00,4334.00
10/04/2021,4349.00,4362.00,4267.50,4291.25
10/01/2021,4301.00,4365.75,4260.00,4343.75
09/30/2021,4360.00,4389.00,4294.25,4297.75
09/29/2021,4347.50,4378.75,4344.25,4349.75
09/28/2021,4429.75,4442.00,4334.75,4343.50
09/27/2021,4446.00,4472.00,4425.00,4433.00
09/24/2021,4439.00,4453.00,4410.75,4445.75
09/23/2021,4386.00,4455.00,4385.75,4438.00
09/22/2021,4336.50,4406.50,4321.25,4384.00
09/21/2021,4342.50,4395.75,4329.25,4343.25
09/20/2021,4411.75,4418.00,4293.75,4348.25
09/17/2021,4459.25,4472.50,4406.50,4421.80
09/16/2021,4476.00,4478.50,4433.25,4464.20
09/15/2021,4437.00,4477.75,4427.50,4472.00
09/14/2021,4465.75,4479.50,4425.25,4434.80
09/13/2021,4451.75,4483.50,4434.50,4459.40
09/10/2021,4482.00,4509.25,4447.25,4449.00
09/09/2021,4501.75,4519.75,4476.25,4483.00
09/08/2021,4517.50,4524.75,4492.00,4512.60
09/07/2021,4545.25,4545.25,4510.75,4519.30
09/03/2021,4536.75,4549.50,4519.25,4534.40
09/02/2021,4522.50,4544.00,4516.00,4535.20
09/01/2021,4527.75,4540.00,4519.25,4521.30
08/31/2021,4529.50,4542.25,4512.50,4520.50
08/30/2021,4508.75,4534.50,4500.75,4525.20
08/27/2021,4470.00,4510.00,4462.25,4505.60
08/26/2021,4493.75,4494.25,4465.00,4466.50
08/25/2021,4483.50,4498.00,4476.25,4492.90
08/24/2021,4481.00,4492.00,4476.75,4482.50
08/23/2021,4435.00,4485.75,4433.50,4475.50
08/20/2021,4403.75,4440.50,4371.75,4436.90
08/19/2021,4389.75,4414.75,4347.75,4401.40
08/18/2021,4436.75,4449.75,4381.50,4394.50
08/17/2021,4472.00,4472.25,4411.75,4443.60
08/16/2021,4456.25,4476.50,4432.50,4474.00
08/13/2021,4455.75,4463.25,4451.00,4462.50
08/12/2021,4440.00,4456.25,4430.25,4454.60
08/11/2021,4429.25,4443.25,4420.75,4440.60
08/10/2021,4427.25,4438.25,4416.50,4429.90
08/09/2021,4428.00,4432.00,4412.25,4425.70
08/06/2021,4420.25,4433.25,4416.00,4429.40
08/05/2021,4396.25,4422.75,4393.75,4421.60
08/04/2021,4409.75,4415.00,4391.25,4394.70
08/03/2021,4383.75,4417.00,4365.25,4415.10
08/02/2021,4396.50,4419.75,4377.25,4379.70
07/30/2021,4394.25,4405.00,4370.75,4389.50
07/29/2021,4393.75,4422.50,4380.50,4411.80
07/28/2021,4380.00,4407.75,4377.50,4393.80
07/27/2021,4415.75,4416.00,4364.75,4394.60
07/26/2021,4400.50,4416.75,4375.50,4414.30
07/23/2021,4371.50,4408.25,4367.25,4403.10
07/22/2021,4355.00,4371.50,4341.50,4359.50
07/21/2021,4318.75,4355.25,4310.00,4350.50
07/20/2021,4262.75,4329.00,4252.75,4315.60
07/19/2021,4320.00,4320.75,4224.00,4251.20
07/16/2021,4347.75,4368.00,4314.25,4318.60
07/15/2021,4366.50,4370.25,4332.50,4352.00
07/14/2021,4359.50,4384.50,4350.00,4367.70
07/13/2021,4377.00,4383.75,4356.50,4361.20
07/12/2021,4362.00,4379.25,4341.75,4376.50
07/09/2021,4310.25,4364.00,4293.25,4359.90
07/08/2021,4352.25,4352.25,4279.25,4312.90
07/07/2021,4328.00,4353.25,4320.25,4349.70
07/06/2021,4341.50,4348.00,4305.25,4333.90
07/02/2021,4309.75,4347.00,4308.00,4342.80
07/01/2021,4294.25,4312.00,4286.00,4310.80
06/30/2021,4284.75,4294.25,4269.25,4288.60
06/29/2021,4280.50,4291.00,4271.75,4282.00
06/28/2021,4275.00,4282.00,4264.25,4280.40
06/25/2021,4262.00,4276.75,4253.50,4271.30
06/24/2021,4233.75,4263.75,4231.75,4256.10
06/23/2021,4237.50,4248.25,4230.50,4231.40
06/22/2021,4219.25,4245.50,4205.75,4236.20
06/21/2021,4142.50,4219.75,4126.75,4213.80
06/18/2021,4216.00,4220.00,4140.75,4153.50
06/17/2021,4204.25,4222.75,4183.00,4212.20
06/16/2021,4238.00,4241.50,4190.25,4213.00
06/15/2021,4246.25,4258.25,4228.25,4236.40
06/14/2021,4238.50,4248.50,4224.50,4245.70
06/11/2021,4230.00,4238.50,4221.50,4236.60
06/10/2021,4212.75,4239.50,4197.25,4228.70
06/09/2021,4225.50,4235.00,4217.00,4218.60
06/08/2021,4227.50,4236.75,4205.75,4225.80
06/07/2021,4232.25,4232.50,4214.00,4225.50
06/04/2021,4190.75,4232.00,4177.00,4228.30
06/03/2021,4208.00,4213.25,4165.25,4191.30
06/02/2021,4198.50,4215.00,4190.75,4206.20
06/01/2021,4192.00,4230.00,4191.75,4198.60
05/28/2021,4211.25,4217.50,4201.00,4202.40
05/27/2021,4193.00,4211.50,4177.75,4199.00
05/26/2021,4188.00,4204.25,4180.50,4193.10
05/25/2021,4199.25,4212.75,4179.25,4185.50
05/24/2021,4151.50,4206.25,4142.50,4193.80
05/21/2021,4152.50,4185.00,4147.00,4151.80
05/20/2021,4107.75,4169.25,4084.50,4154.20
05/19/2021,4114.00,4123.00,4055.50,4111.60
05/18/2021,4159.00,4179.50,4111.50,4123.10
05/17/2021,4169.00,4178.75,4136.50,4157.80
05/14/2021,4112.50,4178.25,4105.25,4168.90
05/13/2021,4053.50,4126.75,4029.25,4107.10
05/12/2021,4140.00,4150.50,4051.00,4058.70
05/11/2021,4176.75,4185.50,4103.75,4146.20
05/10/2021,4226.75,4238.25,4172.00,4183.40
05/07/2021,4197.50,4232.25,4191.75,4225.20
05/06/2021,4158.75,4197.25,4140.50,4194.20
05/05/2021,4158.25,4180.00,4153.00,4159.90
05/04/2021,4184.25,4185.50,4120.50,4158.30
05/03/2021,4181.50,4202.50,4181.00,4185.80
04/30/2021,4200.75,4201.50,4167.25,4174.40
04/29/2021,4184.75,4211.00,4168.00,4203.40
04/28/2021,4180.25,4193.75,4172.75,4176.30
04/27/2021,4181.50,4192.50,4166.75,4178.90
04/26/2021,4170.75,4186.00,4163.75,4179.40
04/23/2021,4129.00,4186.75,4127.50,4171.50
04/22/2021,4157.50,4171.75,4115.25,4127.70
04/21/2021,4121.25,4167.25,4113.00,4164.80
04/20/2021,4156.25,4167.25,4110.50,4126.60
04/19/2021,4165.00,4174.75,4141.75,4155.50
04/16/2021,4162.75,4183.50,4154.25,4176.30
04/15/2021,4123.50,4166.50,4119.50,4162.40
04/14/2021,4134.75,4144.00,4113.00,4117.90
04/13/2021,4122.75,4139.75,4101.25,4132.80
04/12/2021,4114.25,4124.50,4104.50,4120.30
04/09/2021,4098.00,4121.50,4081.00,4119.50
04/08/2021,4074.25,4098.50,4072.50,4089.00
04/07/2021,4067.00,4075.50,4056.50,4069.90
04/06/2021,4069.75,4076.00,4052.25,4064.00
04/05/2021,4030.00,4073.75,4021.00,4067.70
04/01/2021,3967.50,4015.25,3964.50,4009.90
03/31/2021,3949.50,3983.75,3941.50,3967.40
03/30/2021,3965.25,3968.50,3933.75,3947.70
03/29/2021,3962.25,3971.25,3928.75,3958.90
03/26/2021,3907.50,3968.00,3900.75,3964.80
03/25/2021,3882.75,3909.50,3843.25,3900.50
03/24/2021,3905.75,3931.50,3877.50,3880.80
03/23/2021,3933.25,3938.75,3890.50,3899.80
03/22/2021,3893.50,3944.50,3885.00,3930.00
03/19/2021,3910.75,3923.50,3875.00,3899.80
03/18/2021,3962.00,3978.50,3900.50,3906.00
03/17/2021,3957.25,3973.50,3925.00,3963.60
03/16/2021,3957.75,3970.75,3942.75,3952.40
03/15/2021,3937.50,3960.25,3913.00,3958.20
03/12/2021,3928.00,3938.50,3900.75,3932.80
03/11/2021,3898.25,3949.00,3883.25,3927.30
03/10/2021,3878.50,3916.25,3856.25,3896.50
03/09/2021,3831.25,3901.25,3826.25,3873.30
03/08/2021,3854.75,3878.75,3796.25,3819.30
03/05/2021,3765.50,3850.00,3728.50,3839.00
03/04/2021,3818.00,3835.75,3777.50,3816.70
03/03/2021,3867.50,3898.00,3813.00,3816.70
03/02/2021,3903.25,3906.50,3865.50,3867.60
03/01/2021,3817.25,3912.00,3812.50,3898.80
02/26/2021,3823.25,3858.50,3785.00,3809.20
02/25/2021,3923.50,3934.50,3810.25,3828.00
02/24/2021,3876.25,3927.75,3851.75,3922.60
02/23/2021,3878.00,3896.00,3804.75,3877.90
02/22/2021,3905.50,3914.50,3861.25,3873.60
02/19/2021,3910.50,3931.00,3890.25,3902.90
02/18/2021,3928.25,3936.00,3880.50,3909.50
02/17/2021,3929.00,3932.25,3896.50,3928.00
02/16/2021,3950.75,3959.25,3918.75,3927.70
02/12/2021,3905.25,3936.25,3890.25,3931.10
02/11/2021,3907.00,3920.50,3884.50,3911.90
02/10/2021,3912.25,3928.50,3878.25,3902.90
02/09/2021,3910.50,3913.25,3895.00,3905.50
02/08/2021,3889.00,3911.25,3885.50,3908.10
02/05/2021,3864.25,3888.25,3860.00,3880.30
02/04/2021,3832.75,3869.75,3811.25,3864.60
02/03/2021,3829.50,3843.50,3807.75,3823.60
02/02/2021,3764.75,3835.75,3760.00,3818.30
02/01/2021,3692.25,3777.00,3656.50,3765.70
01/29/2021,3770.25,3777.25,3685.50,3705.20
01/28/2021,3735.25,3823.50,3703.50,3779.30
01/27/2021,3845.25,3853.00,3706.50,3744.20
01/26/2021,3845.00,3862.25,3821.50,3842.60
01/25/2021,3835.50,3853.25,3788.50,3848.40
01/22/2021,3846.75,3849.00,3813.25,3834.20
01/21/2021,3841.50,3859.75,3836.50,3846.00
01/20/2021,3796.75,3852.50,3788.50,3845.00
01/19/2021,3769.25,3797.00,3767.75,3790.60
01/15/2021,3793.00,3797.75,3741.50,3762.30
01/14/2021,3808.50,3817.75,3786.25,3791.20
01/13/2021,3792.00,3813.50,3776.50,3803.80
01/12/2021,3794.25,3806.75,3768.00,3794.50
01/11/2021,3815.50,3820.75,3776.50,3792.00
01/08/2021,3797.75,3824.50,3775.00,3817.50
01/07/2021,3752.50,3804.00,3742.00,3795.60
01/06/2021,3717.50,3774.75,3685.50,3740.60
01/05/2021,3695.00,3730.00,3673.25,3718.20
01/04/2021,3748.75,3773.25,3721.75,3748.80
12/31/2020,3725.00,3753.00,3715.00,3748.80
12/30/2020,3724.50,3738.25,3716.50,3724.20
12/29/2020,3731.00,3747.75,3714.50,3719.90
12/28/2020,3682.00,3732.25,3676.00,3727.50
12/24/2020,3685.25,3696.00,3678.50,3695.00
12/23/2020,3674.25,3701.75,3651.00,3681.50
12/22/2020,3685.00,3695.00,3663.75,3677.30
12/21/2020,3718.25,3724.00,3596.00,3685.80
12/18/2020,3713.00,3723.00,3677.25,3706.20
12/17/2020,3697.00,3717.50,3692.00,3712.80
12/16/2020,3689.75,3704.50,3680.00,3693.70
12/15/2020,3647.00,3688.50,3636.25,3687.00
12/14/2020,3670.00,3691.50,3637.50,3639.90
12/11/2020,3662.75,3667.00,3620.75,3653.60
12/10/2020,3661.25,3673.25,3636.00,3660.80
12/09/2020,3707.75,3714.75,3659.50,3672.40
12/08/2020,3682.75,3708.00,3664.25,3702.00
12/07/2020,3694.75,3705.00,3672.25,3690.80
12/04/2020,3668.25,3700.00,3665.50,3697.90
12/03/2020,3671.00,3682.00,3655.25,3664.60
12/02/2020,3661.25,3672.75,3642.25,3667.30
12/01/2020,3631.00,3677.50,3626.00,3660.50
11/30/2020,3643.75,3652.00,3592.25,3623.20
11/27/2020,3620.50,3642.75,3612.75,3636.50
11/25/2020,3635.50,3655.00,3615.25,3627.30
11/24/2020,3576.00,3640.00,3575.25,3632.70
11/23/2020,3546.50,3588.00,3545.50,3576.00
11/20/2020,3560.00,3582.50,3542.75,3554.20
11/19/2020,3562.00,3582.75,3542.25,3580.10
11/18/2020,3604.50,3623.25,3556.50,3564.90
11/17/2020,3625.50,3630.00,3584.25,3606.80
11/16/2020,3587.00,3637.00,3586.50,3623.00
11/13/2020,3537.50,3590.00,3518.00,3581.90
11/12/2020,3574.50,3574.50,3513.00,3532.50
11/11/2020,3546.25,3576.75,3531.00,3568.10
11/10/2020,3549.50,3562.75,3506.50,3541.00
11/09/2020,3522.50,3668.00,3515.75,3544.00
11/06/2020,3508.75,3519.00,3456.75,3500.70
11/05/2020,3448.00,3522.50,3428.25,3504.80
11/04/2020,3362.75,3480.00,3319.00,3434.90
11/03/2020,3304.00,3382.75,3301.25,3361.60
11/02/2020,3260.00,3323.50,3243.25,3300.50
10/30/2020,3268.00,3296.25,3225.00,3264.70
10/29/2020,3279.00,3333.75,3250.25,3302.30
10/28/2020,3369.00,3370.25,3260.75,3263.50
10/27/2020,3394.25,3410.00,3368.25,3383.10
10/26/2020,3445.75,3446.25,3356.00,3393.50
10/23/2020,3455.75,3462.50,3431.50,3451.80
10/22/2020,3430.25,3453.00,3402.50,3449.20
10/21/2020,3437.00,3458.00,3420.50,3432.50
10/20/2020,3436.00,3469.75,3418.75,3432.20
10/19/2020,3471.00,3496.50,3410.75,3422.70
10/16/2020,3478.50,3508.50,3461.25,3462.20
10/15/2020,3479.25,3486.50,3431.50,3475.40
10/14/2020,3502.00,3524.00,3472.00,3480.90
10/13/2020,3534.00,3535.75,3491.50,3504.80
10/12/2020,3467.50,3541.00,3464.25,3532.80
10/09/2020,3447.25,3480.00,3445.25,3473.30
10/08/2020,3406.25,3447.25,3405.50,3437.50
10/07/2020,3338.00,3416.75,3332.25,3406.80
10/06/2020,3392.00,3421.75,3330.50,3353.20
10/05/2020,3360.00,3400.00,3346.50,3392.90
10/02/2020,3367.00,3375.50,3300.25,3339.20
10/01/2020,3344.75,3388.00,3343.25,3367.70
09/30/2020,3330.00,3384.00,3291.25,3352.00
09/29/2020,3348.75,3363.00,3316.50,3333.70
09/28/2020,3291.00,3351.25,3287.50,3346.00
09/25/2020,3243.50,3296.25,3206.50,3287.30
09/24/2020,3228.00,3268.25,3198.00,3238.00
09/23/2020,3303.75,3319.75,3221.00,3231.20
09/22/2020,3271.50,3309.50,3256.50,3299.30
09/21/2020,3314.50,3326.25,3217.75,3275.10
09/18/2020,3345.00,3363.00,3280.75,3316.20
09/17/2020,3381.50,3386.50,3310.25,3351.00
09/16/2020,3395.75,3419.50,3373.75,3379.40
09/15/2020,3369.75,3409.00,3366.25,3395.00
09/14/2020,3340.00,3392.50,3336.25,3372.20
09/11/2020,3334.75,3364.75,3298.25,3323.30
09/10/2020,3386.50,3414.00,3316.75,3330.10
09/09/2020,3315.25,3424.00,3295.50,3400.30
09/08/2020,3432.50,3447.00,3327.50,3335.50
09/04/2020,3454.75,3484.25,3347.75,3417.60
09/03/2020,3578.75,3586.50,3424.50,3461.50
09/02/2020,3529.00,3587.00,3526.25,3579.20
09/01/2020,3493.25,3530.00,3484.25,3526.90
08/31/2020,3508.50,3524.50,3490.00,3498.90
08/28/2020,3488.00,3509.50,3480.75,3504.40
08/27/2020,3479.50,3498.25,3464.75,3485.30
08/26/2020,3444.75,3483.50,3436.75,3480.30
08/25/2020,3427.00,3448.75,3421.75,3442.90
08/24/2020,3398.75,3429.50,3393.50,3427.50
08/21/2020,3383.50,3396.25,3356.75,3392.60
08/20/2020,3370.25,3387.00,3344.75,3380.80
08/19/2020,3388.75,3395.75,3365.50,3372.70
08/18/2020,3379.25,3390.75,3365.25,3386.90
08/17/2020,3366.00,3382.75,3364.75,3379.80
08/14/2020,3369.25,3380.50,3350.00,3361.40
08/13/2020,3367.75,3382.00,3357.50,3367.70
08/12/2020,3339.50,3382.50,3326.25,3370.10
08/11/2020,3350.25,3379.00,3319.50,3329.90
08/10/2020,3347.00,3357.25,3329.00,3352.70
08/07/2020,3343.75,3347.75,3322.25,3344.80
08/06/2020,3317.00,3345.50,3300.50,3344.30
08/05/2020,3300.75,3323.25,3292.00,3316.00
08/04/2020,3290.75,3300.50,3271.00,3299.90
08/03/2020,3272.00,3295.50,3254.75,3288.40
07/31/2020,3269.25,3273.75,3212.50,3263.50
07/30/2020,3256.75,3269.00,3195.00,3248.80
07/29/2020,3215.00,3257.00,3204.25,3252.40
07/28/2020,3235.00,3246.75,3208.00,3213.00
07/27/2020,3210.75,3235.00,3192.00,3232.20
07/24/2020,3230.00,3239.00,3191.50,3203.90
07/23/2020,3267.75,3284.50,3214.25,3227.60
07/22/2020,3249.25,3271.75,3227.25,3265.60
07/21/2020,3243.75,3273.25,3239.25,3251.30
07/20/2020,3214.50,3250.50,3190.25,3245.20
07/17/2020,3198.50,3225.25,3194.75,3213.90
07/16/2020,3223.25,3228.50,3188.50,3194.50
07/15/2020,3204.00,3233.25,3192.00,3219.40
07/14/2020,3149.75,3192.25,3119.00,3183.60
07/13/2020,3183.50,3226.25,3140.50,3148.20
07/10/2020,3142.25,3181.25,3111.50,3178.40
07/09/2020,3166.25,3170.75,3105.25,3141.10
07/08/2020,3135.25,3166.25,3125.50,3163.40
07/07/2020,3170.00,3184.00,3132.50,3136.40
07/06/2020,3121.25,3174.50,3121.25,3171.90
07/02/2020,3101.75,3156.50,3095.50,3128.90
07/01/2020,3085.25,3117.75,3062.75,3103.10
06/30/2020,3046.00,3101.25,3030.25,3090.20
06/29/2020,2986.25,3051.25,2983.50,3047.70
06/26/2020,3071.25,3082.00,2992.50,3006.90
06/25/2020,3046.75,3079.50,3005.00,3070.70
06/24/2020,3113.25,3128.50,3019.75,3049.00
06/23/2020,3111.75,3145.75,3060.00,3118.50
06/22/2020,3040.25,3114.25,3027.25,3110.70
06/19/2020,3096.75,3144.75,3056.75,3059.40
06/18/2020,3104.00,3120.00,3064.50,3097.90
06/17/2020,3111.75,3147.00,3094.50,3107.10
06/16/2020,3065.25,3156.25,3060.25,3118.20
06/15/2020,2983.25,3068.25,2923.75,3061.90
06/12/2020,3000.75,3076.75,2971.00,3023.70
06/11/2020,3173.00,3177.75,2985.25,2999.40
06/10/2020,3204.75,3227.25,3179.75,3186.00
06/09/2020,3227.75,3231.00,3190.00,3205.40
06/08/2020,3192.50,3231.25,3183.25,3227.50
06/05/2020,3113.25,3210.50,3106.50,3186.80
06/04/2020,3117.75,3126.75,3087.50,3110.50
06/03/2020,3078.00,3129.50,3074.25,3117.70
06/02/2020,3052.75,3079.00,3035.00,3076.90
06/01/2020,3029.75,3059.00,3008.00,3054.00
05/29/2020,3036.00,3058.25,2992.00,3042.00
05/28/2020,3035.00,3065.50,3019.50,3038.10
05/27/2020,2994.00,3039.50,2965.50,3035.40
05/26/2020,2989.50,3019.75,2980.75,2994.40
05/22/2020,2936.75,2957.50,2903.75,2952.90
05/21/2020,2972.25,2973.50,2933.00,2936.90
05/20/2020,2913.50,2975.75,2908.50,2968.50
05/19/2020,2945.00,2976.25,2914.25,2918.80
05/18/2020,2859.75,2964.75,2850.00,2947.90
05/15/2020,2846.25,2863.50,2809.50,2846.40
05/14/2020,2820.25,2853.75,2760.25,2846.90
05/13/2020,2839.75,2876.75,2786.00,2813.10
05/12/2020,2919.25,2939.25,2838.00,2852.60
05/11/2020,2920.75,2947.00,2889.75,2922.80
05/08/2020,2882.00,2933.00,2879.75,2928.40
05/07/2020,2832.00,2895.00,2823.00,2880.00
05/06/2020,2857.75,2886.25,2832.00,2833.40
05/05/2020,2827.00,2889.75,2824.50,2858.30
05/04/2020,2789.00,2835.75,2771.00,2825.30
05/01/2020,2871.50,2879.75,2811.75,2821.70
04/30/2020,2956.50,2965.00,2878.00,2902.40
04/29/2020,2870.50,2959.75,2860.75,2941.00
04/28/2020,2867.75,2913.50,2851.00,2867.20
04/27/2020,2829.00,2881.25,2812.75,2868.90
04/24/2020,2777.00,2835.00,2755.25,2829.50
04/23/2020,2790.50,2836.75,2772.75,2780.80
04/22/2020,2737.25,2808.00,2717.25,2788.40
04/21/2020,2807.00,2833.25,2717.25,2732.10
04/20/2020,2861.50,2875.50,2804.25,2806.50
04/17/2020,2863.00,2885.00,2821.00,2870.10
04/16/2020,2767.75,2831.50,2746.00,2787.40
04/15/2020,2843.75,2845.50,2751.25,2775.10
04/14/2020,2760.00,2846.00,2752.50,2843.10
04/13/2020,2811.00,2819.50,2711.00,2759.20
04/09/2020,2737.75,2809.50,2700.75,2779.80
04/08/2020,2640.50,2752.50,2620.75,2734.90
04/07/2020,2645.50,2750.00,2623.50,2642.00
04/06/2020,2485.00,2668.50,2484.75,2644.60
04/03/2020,2513.75,2529.50,2449.00,2482.70
04/02/2020,2459.00,2525.00,2424.75,2516.40
04/01/2020,2562.00,2562.25,2434.25,2448.00
03/31/2020,2613.25,2635.75,2555.75,2569.70
03/30/2020,2459.00,2621.75,2445.00,2611.20
03/27/2020,2627.75,2634.50,2505.25,2524.10
03/26/2020,2471.00,2625.75,2402.25,2608.00
03/25/2020,2442.75,2560.75,2386.00,2467.00
03/24/2020,2233.25,2447.75,2230.50,2438.10
03/23/2020,2220.25,2386.00,2174.00,2220.40
03/20/2020,2351.00,2499.00,2260.00,2288.50
03/19/2020,2402.50,2460.00,2275.00,2389.10
03/18/2020,2467.50,2486.25,2262.00,2401.40
03/17/2020,2407.00,2542.75,2352.00,2485.50
03/16/2020,2631.50,2652.00,2350.00,2405.30
03/13/2020,2417.00,2697.25,2380.00,2683.90
03/12/2020,2727.00,2762.00,2429.75,2456.00
03/11/2020,2859.50,2869.50,2702.75,2740.30
03/10/2020,2733.00,2884.75,2695.25,2865.80
03/09/2020,2916.00,2916.00,2715.00,2747.70
03/06/2020,3024.25,3037.00,2898.00,2964.10
03/05/2020,3109.25,3113.75,2996.50,3015.50
03/04/2020,2988.25,3129.50,2976.50,3114.70
03/03/2020,3077.00,3100.00,2973.00,2997.10
03/02/2020,2900.00,3093.25,2889.25,3065.10
02/28/2020,2950.00,2980.50,2872.00,2956.90
02/27/2020,3100.25,3117.00,2944.50,2956.90
02/26/2020,3138.00,3182.00,3091.00,3110.20
02/25/2020,3223.00,3259.50,3117.25,3132.60
02/24/2020,3309.00,3312.00,3213.75,3226.30
02/21/2020,3367.00,3369.25,3328.00,3339.30
02/20/2020,3391.75,3397.50,3339.25,3369.20
02/19/2020,3372.00,3393.75,3370.75,3387.20
02/18/2020,3378.25,3379.00,3355.25,3369.30
02/14/2020,3379.50,3388.50,3365.25,3380.90
02/13/2020,3381.25,3384.75,3348.50,3377.40
02/12/2020,3360.50,3381.50,3355.50,3380.50
02/11/2020,3351.00,3374.50,3349.25,3357.60
02/10/2020,3322.25,3353.50,3303.50,3353.00
02/07/2020,3349.00,3350.00,3320.75,3325.50
02/06/2020,3337.00,3357.75,3332.50,3345.20
02/05/2020,3300.25,3338.00,3288.25,3335.00
02/04/2020,3244.25,3305.25,3236.00,3299.50
02/03/2020,3222.75,3267.25,3222.00,3245.60
01/31/2020,3292.00,3297.50,3212.75,3224.00
01/30/2020,3271.50,3295.25,3239.75,3289.70
01/29/2020,3281.75,3292.75,3265.25,3272.40
01/28/2020,3239.50,3285.00,3238.75,3278.30
01/27/2020,3269.75,3269.75,3233.00,3239.60
01/24/2020,3326.50,3337.00,3280.50,3293.50
01/23/2020,3317.25,3327.00,3301.25,3326.00
01/22/2020,3321.25,3337.50,3315.25,3319.80
01/21/2020,3325.50,3329.75,3307.25,3319.50
01/17/2020,3316.75,3330.25,3316.00,3324.90
01/16/2020,3294.25,3318.00,3294.00,3316.40
01/15/2020,3287.75,3299.00,3277.75,3293.80
01/14/2020,3289.25,3296.75,3275.25,3287.90
01/13/2020,3265.75,3291.00,3265.50,3289.70
01/10/2020,3275.50,3287.00,3260.75,3264.70
01/09/2020,3261.25,3276.75,3257.75,3275.90
01/08/2020,3231.75,3267.75,3181.00,3260.20
01/07/2020,3243.50,3254.50,3226.00,3235.30
01/06/2020,3220.25,3249.50,3208.75,3243.60
01/03/2020,3261.00,3263.50,3206.75,3235.40
01/02/2020,3237.00,3261.75,3234.25,3259.00
12/31/2019,3223.25,3236.25,3213.00,3231.10
12/30/2019,3238.25,3244.25,3217.25,3223.40
12/27/2019,3242.00,3254.00,3235.50,3237.60
12/26/2019,3227.50,3244.75,3227.00,3244.40
12/24/2019,3228.25,3231.25,3222.50,3225.70
12/23/2019,3227.00,3234.25,3224.25,3227.20
12/20/2019,3213.50,3229.50,3208.50,3225.70
12/19/2019,3199.50,3213.75,3194.50,3211.70
12/18/2019,3192.50,3203.00,3192.00,3199.30
12/17/2019,3196.50,3203.50,3192.00,3195.40
12/16/2019,3179.50,3202.50,3177.00,3198.40
12/13/2019,3175.20,3188.25,3159.75,3175.20
12/12/2019,3146.75,3165.00,3140.25,3143.10
12/11/2019,3135.50,3144.50,3129.50,3143.10
12/10/2019,3133.50,3143.00,3116.25,3136.00
12/09/2019,3146.50,3149.50,3131.25,3134.50
12/06/2019,3117.75,3151.00,3117.00,3146.10
12/05/2019,3111.00,3124.75,3103.25,3117.70
12/04/2019,3091.75,3119.50,3081.75,3111.10
12/03/2019,3114.25,3121.75,3069.50,3091.10
12/02/2019,3146.25,3158.00,3110.25,3114.20
11/29/2019,3150.00,3151.75,3139.50,3143.70
11/27/2019,3143.75,3155.00,3141.75,3153.80
11/26/2019,3131.25,3145.00,3128.00,3143.70
11/25/2019,3119.00,3133.50,3116.50,3132.70
11/22/2019,3104.00,3114.50,3097.75,3111.60
11/21/2019,3097.25,3114.50,3091.25,3103.90
11/20/2019,3116.50,3118.50,3090.75,3109.00
11/19/2019,3121.50,3132.50,3112.75,3118.50
11/18/2019,3119.00,3127.75,3111.00,3121.80
11/15/2019,3097.00,3119.50,3095.75,3118.30
11/14/2019,3096.25,3099.75,3081.75,3096.90
11/13/2019,3091.25,3097.00,3075.75,3095.60
11/12/2019,3087.75,3102.00,3081.25,3091.90
11/11/2019,3090.50,3092.25,3074.50,3087.40
11/08/2019,3086.25,3092.50,3072.50,3090.60
11/07/2019,3077.25,3097.00,3070.25,3085.90
11/06/2019,3071.50,3078.00,3063.00,3075.60
11/05/2019,3076.75,3085.75,3069.75,3071.90
11/04/2019,3064.75,3083.75,3064.75,3075.70
11/01/2019,3036.00,3065.00,3033.00,3063.20
10/31/2019,3051.75,3052.00,3020.25,3035.80
10/30/2019,3036.50,3055.00,3023.25,3047.80
10/29/2019,3038.25,3046.25,3029.50,3035.70
10/28/2019,3023.00,3042.75,3022.75,3036.30
10/25/2019,3003.75,3026.50,3000.00,3020.30
10/24/2019,3006.00,3015.25,2998.75,3004.20
10/23/2019,2992.00,3006.00,2982.00,3005.70
10/22/2019,3006.50,3014.25,2988.25,2994.50
10/21/2019,2984.75,3007.50,2983.75,3006.50
10/18/2019,2997.75,3001.25,2975.00,2988.20
10/17/2019,2992.25,3008.00,2985.25,2997.90
10/16/2019,2996.50,2997.75,2984.75,2991.40
10/15/2019,2966.75,3003.25,2966.50,2997.70
10/14/2019,2968.00,2982.50,2953.75,2965.50
10/11/2019,2949.00,2994.00,2941.75,2970.80
10/10/2019,2920.50,2954.00,2881.75,2941.10
10/09/2019,2893.50,2934.50,2888.25,2918.90
10/08/2019,2934.50,2950.00,2890.50,2892.60
10/07/2019,2929.75,2959.50,2928.00,2937.50
10/04/2019,2911.50,2953.25,2896.75,2951.00
10/03/2019,2883.75,2912.75,2855.00,2911.80
10/02/2019,2942.25,2949.00,2874.00,2880.60
10/01/2019,2984.00,2994.50,2937.00,2937.80
09/30/2019,2976.00,2987.00,2964.50,2978.50
09/27/2019,2979.75,2993.00,2946.25,2963.80
09/26/2019,2985.75,2995.00,2964.25,2980.50
09/25/2019,2971.00,2991.75,2953.75,2986.30
09/24/2019,3001.00,3012.25,2958.50,2970.20
09/23/2019,2995.75,3008.25,2982.00,2997.10
09/20/2019,3007.00,3018.00,2985.25,2989.50
09/19/2019,3010.00,3024.50,2991.25,3007.90
09/18/2019,3008.75,3013.75,2980.75,3008.60
09/17/2019,3004.25,3009.00,2993.75,3007.90
09/16/2019,2996.75,3005.25,2983.50,3001.50
09/13/2019,3012.00,3025.75,3005.75,3008.60
09/12/2019,3004.25,3023.50,3001.00,3013.70
09/11/2019,2979.00,3004.25,2972.00,3002.00
09/10/2019,2979.25,2985.00,2957.25,2978.50
09/09/2019,2980.25,2991.50,2969.50,2978.20
09/06/2019,2970.75,2988.25,2970.25,2980.80
09/05/2019,2938.00,2986.50,2936.50,2972.00
09/04/2019,2903.00,2939.50,2902.00,2938.50
09/03/2019,2899.00,2915.50,2891.00,2905.90
08/30/2019,2923.25,2946.50,2913.25,2924.80
08/29/2019,2883.25,2930.75,2875.25,2926.70
08/28/2019,2866.25,2890.50,2851.75,2889.80
08/27/2019,2882.75,2899.50,2860.00,2865.40
08/26/2019,2831.00,2888.50,2810.25,2883.30
08/23/2019,2920.25,2936.75,2834.00,2855.60
08/22/2019,2931.25,2939.75,2904.25,2922.30
08/21/2019,2893.25,2932.50,2893.00,2929.20
08/20/2019,2921.25,2932.25,2894.25,2898.20
08/19/2019,2893.00,2932.25,2892.50,2923.70
08/16/2019,2851.00,2894.75,2849.50,2891.50
08/15/2019,2836.00,2871.75,2817.75,2848.60
08/14/2019,2931.00,2936.50,2835.75,2840.70
08/13/2019,2882.25,2944.25,2866.75,2932.00
08/12/2019,2918.75,2931.00,2872.50,2880.30
08/09/2019,2928.00,2935.75,2899.00,2919.70
08/08/2019,2879.00,2940.75,2870.50,2940.10
08/07/2019,2873.75,2891.50,2823.25,2880.60
08/06/2019,2816.25,2883.75,2775.75,2876.00
08/05/2019,2929.25,2933.50,2820.50,2830.10
08/02/2019,2950.25,2961.00,2913.50,2932.40
08/01/2019,2970.25,3014.25,2965.00,2951.90
07/31/2019,3016.25,3020.75,2987.50,2982.30
07/30/2019,3022.25,3027.50,3001.50,3012.30
07/29/2019,3022.00,3027.25,3015.50,3021.80
07/26/2019,3006.50,3029.50,3006.00,3024.50
07/25/2019,3018.00,3027.75,2998.00,3006.50
07/24/2019,3003.00,3022.00,2996.00,3021.60
07/23/2019,2988.75,3008.50,2987.50,3008.00
07/22/2019,2974.50,2993.50,2972.50,2989.00
07/19/2019,3003.75,3009.75,2969.50,2976.90
07/18/2019,2980.75,3005.25,2974.50,2997.60
07/17/2019,3005.75,3013.00,2980.50,2985.00
07/16/2019,3017.25,3021.75,3004.50,3007.00
07/15/2019,3015.25,3023.50,3010.75,3017.30
07/12/2019,3003.00,3018.00,3002.25,3015.40
07/11/2019,2996.00,3006.75,2992.50,3003.90
07/10/2019,2982.25,3007.50,2971.25,2997.40
07/09/2019,2977.75,2986.25,2963.50,2982.10
07/08/2019,2990.75,2994.75,2973.25,2978.60
07/05/2019,3002.75,3004.00,2971.25,2990.40
07/03/2019,2979.00,3001.50,2973.75,3000.30
07/02/2019,2968.00,2980.00,2958.50,2979.60
07/01/2019,2970.00,2981.75,2955.50,2967.70
06/28/2019,2932.75,2955.25,2930.00,2944.20
06/27/2019,2914.75,2935.75,2914.75,2930.90
06/26/2019,2922.50,2939.00,2914.50,2917.90
06/25/2019,2951.00,2958.25,2920.00,2922.10
06/24/2019,2948.00,2961.75,2947.25,2952.10
06/21/2019,2957.75,2969.25,2947.75,2950.60
06/20/2019,2930.75,2964.50,2930.50,2960.00
06/19/2019,2924.75,2936.75,2915.25,2933.40
06/18/2019,2898.00,2936.50,2889.00,2926.20
06/17/2019,2895.00,2904.75,2892.00,2896.30
06/14/2019,2897.50,2902.75,2884.25,2894.80
06/13/2019,2886.00,2900.50,2871.50,2898.40
06/12/2019,2887.25,2891.00,2875.25,2881.00
06/11/2019,2890.25,2911.50,2879.25,2886.90
06/10/2019,2893.25,2905.75,2880.50,2889.20
06/07/2019,2840.00,2886.25,2838.00,2874.90
06/06/2019,2820.50,2853.00,2812.75,2845.70
06/05/2019,2806.50,2829.50,2801.00,2827.70
06/04/2019,2754.00,2806.25,2744.00,2804.90
06/03/2019,2741.00,2763.75,2728.75,2749.60
05/31/2019,2788.75,2791.00,2750.00,2752.60
05/30/2019,2779.50,2799.00,2776.50,2790.40
05/29/2019,2804.25,2806.00,2766.25,2780.10
05/28/2019,2830.00,2841.25,2800.50,2805.10
05/24/2019,2821.75,2842.00,2819.25,2831.80
05/23/2019,2857.75,2858.50,2805.75,2819.40
05/22/2019,2864.75,2869.50,2848.25,2857.40
05/21/2019,2848.00,2870.75,2846.25,2866.10
05/20/2019,2861.50,2876.50,2832.50,2843.90
05/17/2019,2879.75,2887.50,2852.50,2862.00
05/16/2019,2853.50,2894.00,2840.50,2878.60
05/15/2019,2840.75,2860.00,2815.00,2855.00
05/14/2019,2806.00,2853.75,2799.75,2839.20
05/13/2019,2858.50,2869.25,2802.00,2807.10
05/10/2019,2869.75,2893.00,2826.00,2886.90
05/09/2019,2884.00,2885.50,2836.25,2872.70
05/08/2019,2889.75,2899.50,2868.75,2887.20
05/07/2019,2911.75,2930.50,2862.50,2890.80
05/06/2019,2917.75,2938.25,2883.50,2932.40
05/03/2019,2918.50,2949.50,2916.50,2947.60
05/02/2019,2916.50,2932.75,2901.00,2917.60
05/01/2019,2955.00,2961.25,2916.00,2923.10
04/30/2019,2942.50,2956.50,2926.00,2948.50
04/29/2019,2939.25,2951.50,2937.75,2942.90
04/26/2019,2923.75,2942.75,2917.25,2941.50
04/25/2019,2930.00,2935.75,2914.25,2926.30
04/24/2019,2937.25,2939.75,2927.75,2930.80
04/23/2019,2911.75,2939.75,2908.00,2938.10
04/22/2019,2908.75,2915.75,2899.00,2912.60
04/18/2019,2901.00,2911.75,2889.50,2909.90
04/17/2019,2910.25,2923.50,2898.50,2900.40
04/16/2019,2910.25,2921.25,2904.50,2911.40
04/15/2019,2912.00,2914.50,2900.50,2909.50
04/12/2019,2892.00,2914.75,2890.75,2912.50
04/11/2019,2894.75,2900.00,2885.25,2891.80
04/10/2019,2882.00,2896.00,2878.00,2894.50
04/09/2019,2898.50,2900.00,2877.25,2882.60
04/08/2019,2896.25,2899.75,2884.25,2898.30
04/05/2019,2882.50,2898.00,2880.50,2896.00
04/04/2019,2880.75,2885.75,2871.00,2882.70
04/03/2019,2866.00,2889.25,2865.25,2879.80
04/02/2019,2868.50,2873.75,2862.25,2867.10
04/01/2019,2844.50,2873.50,2844.50,2870.50
03/29/2019,2820.50,2840.75,2820.25,2837.80
03/28/2019,2807.00,2824.25,2795.00,2821.00
03/27/2019,2823.50,2831.75,2791.75,2810.50
03/26/2019,2808.50,2835.00,2806.00,2823.00
03/25/2019,2813.00,2818.50,2789.50,2807.00
03/22/2019,2859.50,2864.75,2805.25,2810.70
03/21/2019,2823.75,2866.00,2813.75,2862.60
03/20/2019,2837.25,2849.25,2817.25,2827.00
03/19/2019,2841.50,2858.75,2829.00,2836.50
03/18/2019,2827.00,2842.00,2824.00,2840.60
03/15/2019,2813.50,2836.50,2812.50,2829.80
03/14/2019,2821.00,2825.00,2808.50,2812.30
03/13/2019,2797.75,2826.50,2788.25,2819.60
03/12/2019,2790.00,2803.25,2785.50,2797.20
03/11/2019,2750.50,2792.50,2741.75,2789.00
03/08/2019,2754.50,2756.75,2726.50,2751.90
03/07/2019,2775.75,2781.75,2743.75,2755.10
03/06/2019,2786.50,2792.75,2768.50,2771.40
03/05/2019,2790.50,2799.00,2783.25,2791.50
03/04/2019,2814.00,2819.75,2767.50,2791.60
03/01/2019,2785.25,2808.25,2783.00,2805.00
02/28/2019,2795.25,2795.75,2781.75,2784.70
02/27/2019,2788.00,2797.25,2775.00,2795.10
02/26/2019,2795.75,2803.50,2783.25,2791.50
02/25/2019,2799.50,2814.00,2794.50,2797.10
02/22/2019,2773.50,2795.50,2770.50,2791.20
02/21/2019,2787.00,2798.00,2764.25,2774.20
02/20/2019,2777.75,2790.75,2773.25,2787.00
02/19/2019,2777.50,2787.50,2766.00,2778.70